{
	"format_version": "1.8.0",
	"minecraft:client_entity": {
		"description": {
			"identifier": "nam:martini2",
			"materials": {
				"default": "enderman"
			},
			"textures": {
				"default": "textures/entity/eunos_roadster/martini"
			},
			"geometry": {
				"default": "geometry.namiata_m2"
			},
			"render_controllers": [
				"controller.render.jdm_s2"
			],
			"animations": {
				"drive": "animation.jdm_s2.drive",
				"turning": "animation.jdm_s2.turning",
				"door": "animation.jdm_s2.door",
				"open": "animation.jdm_s2.open"
			},
			"sound_effects": {
        		"open": "vehicle.jdm_s2.dooropen"
      		},
			"spawn_egg": {
				"texture": "eunos",
				"texture_index": 0
			},
			"animation_controllers": [
				{
					"general": "controller.animation.jdm_c1.general2"
				}
			]
		}
	}
}