{
	"format_version": "1.17.0",
	"minecraft:entity": {
		"description": {
			"identifier": "hachiroku:fujiwara1",
			"is_spawnable": false,
			"is_summonable": false,
			"is_experimental": false,
			"scripts": {
				"animate": [
					"explode"
			]
		},
		"animations": {
			"explode": "controller.animation.ae86_explode"
			}
		},
		"component_groups": {
			"door_open": {
        		"minecraft:transformation": {
          		"into": "hachiroku:fujiwara2",
          		"delay": 0.1
       			 }
    		},
    		"popups_open": {
        		"minecraft:transformation": {
          		"into": "hachiroku:fujiwara1_open",
          		"delay": 0.1
       			 }
    		},
    		"hood_open": {
    			"minecraft:transformation": {
          		"into": "hachiroku:fujiwara3",
          		"delay": 0.1
       			 }
    		},
    		"panda_white": {
        		"minecraft:transformation": {
          		"into": "hachiroku:panda_white1",
          		"delay": 0.1
       			 }
    		},
    		"white": {
        		"minecraft:transformation": {
          		"into": "hachiroku:white1",
          		"delay": 0.1
       			 }
    		},
    		"black": {
        		"minecraft:transformation": {
          		"into": "hachiroku:black1",
          		"delay": 0.1
       			 }
    		}
		},
		"components": {
			"minecraft:type_family": {
				"family": [
					"cars"
				]
			},
			"minecraft:knockback_resistance": {
				"value": 1,
				"max": 1
			},
			"minecraft:scale": {
				"value": 0.95
			},
			"minecraft:collision_box": {
				"width": 2,
				"height": 1.5
			},
			"minecraft:health": {
				"value": 60
			},
			"minecraft:jump.static": {},
			"minecraft:physics": {},
			"minecraft:interact": {
			"interactions": [
				{
					"on_interact": {
						"filters": {
							"all_of": [
								{
									"test": "has_equipment",
									"subject": "other",
									"domain": "hand",
									"value": "pmc:white_gray"
								}
							]
						},
						"event": "panda_white"
					},
					"use_item": true,
					"interact_text": "Paint white/gray two-tone"
				},
				{
					"on_interact": {
						"filters": {
							"all_of": [
								{
									"test": "has_equipment",
									"subject": "other",
									"domain": "hand",
									"value": "pmc:white"
								}
							]
						},
						"event": "white"
					},
					"use_item": true,
					"interact_text": "Paint white"
				},
				{
					"on_interact": {
						"filters": {
							"all_of": [
								{
									"test": "has_equipment",
									"subject": "other",
									"domain": "hand",
									"value": "pmc:black"
								}
							]
						},
						"event": "black"
					},
					"use_item": true,
					"interact_text": "Paint black"
				},
				{
					"on_interact": {
						"filters": {
							"all_of": [
								{
									"test": "is_sneaking",
									"subject": "player",
									"value": true
								}
							]
						},
						"event": "popups_open"
					},
					"use_item": false,
					"interact_text": "Turn on popup headlights"
				},
				{
					"on_interact": {
						"filters": {
							"all_of": [
								{
									"test": "has_equipment",
									"subject": "other",
									"domain": "hand",
									"value": "ashminggu:wrench"
								}
							]
						},
						"event": "hood_open"
					},
					"use_item": false,
					"interact_text": "Open Hood"
				},
				{
					"on_interact": {
						"event": "door_open"
					},
					"use_item": false,
					"interact_text": "Open Door"
				}
			]
		},
		"minecraft:pushable": {
			"is_pushable": false,
			"is_pushable_by_piston": true
			}
		},

		"events": {
			"door_open": {
        		"add": {
          			"component_groups": [
            			"door_open"
          			]
        		}
      		},
      		"popups_open": {
        		"add": {
          			"component_groups": [
            			"popups_open"
          			]
        		}
      		},
      		"hood_open": {
        		"add": {
          			"component_groups": [
            			"hood_open"
          			]
        		}
      		},
      		"panda_white": {
        		"add": {
          			"component_groups": [
            			"panda_white"
          			]
        		}
      		},
      		"white": {
        		"add": {
          			"component_groups": [
            			"white"
          			]
        		}
      		},
      		"black": {
        		"add": {
          			"component_groups": [
            			"black"
          			]
        		}
      		}
		}
	}
}