{
	"format_version": "1.17.0",
	"minecraft:entity": {
		"description": {
			"identifier": "nam:red1",
			"is_spawnable": true,
			"is_summonable": true,
			"is_experimental": false
		},
		"component_groups": {
			"door_open": {
        		"minecraft:transformation": {
          		"into": "nam:red2",
          		"delay": 0.1
       			 }
    		},
    		"popups_open": {
        		"minecraft:transformation": {
          		"into": "nam:red1_open",
          		"delay": 0.1
       			 }
    		},
    		"white": {
        		"minecraft:transformation": {
          		"into": "nam:white1",
          		"delay": 0.1
       			 }
    		},
    		"martini": {
        		"minecraft:transformation": {
          		"into": "nam:martini1",
          		"delay": 0.1
       			 }
    		},
    		"black": {
        		"minecraft:transformation": {
          		"into": "nam:black1",
          		"delay": 0.1
       			 }
    		},
    		"er_rally": {
        		"minecraft:transformation": {
          		"into": "nam:black1_rally",
          		"delay": 0.1
       			 }
    		}
		},
		"components": {
			"minecraft:type_family": {
				"family": [
					"cars"
				]
			},
			"minecraft:scale": {
				"value": 0.96
			},
			"minecraft:collision_box": {
				"width": 2,
				"height": 1.5
			},
			"minecraft:health": {
				"value": 60
			},
			"minecraft:jump.static": {},
			"minecraft:physics": {},
			"minecraft:interact": {
			"interactions": [
				{
					"on_interact": {
						"filters": {
							"all_of": [
								{
									"test": "has_equipment",
									"subject": "other",
									"domain": "hand",
									"value": "pmc:white"
								}
							]
						},
						"event": "white"
					},
					"use_item": true,
					"interact_text": "Paint white"
				},
				{
					"on_interact": {
						"filters": {
							"all_of": [
								{
									"test": "has_equipment",
									"subject": "other",
									"domain": "hand",
									"value": "pmc:martini"
								}
							]
						},
						"event": "martini"
					},
					"use_item": true,
					"interact_text": "Paint a Martini Livery"
				},
				{
					"on_interact": {
						"filters": {
							"all_of": [
								{
									"test": "has_equipment",
									"subject": "other",
									"domain": "hand",
									"value": "pmc:black"
								}
							]
						},
						"event": "black"
					},
					"use_item": true,
					"interact_text": "Paint black"
				},
				{
					"on_interact": {
						"filters": {
							"all_of": [
								{
									"test": "has_equipment",
									"subject": "other",
									"domain": "hand",
									"value": "pmc:er_rally"
								}
							]
						},
						"event": "er_rally"
					},
					"use_item": true,
					"interact_text": "Take off hardtop and paint an Eunos Rally Livery"
				},
				{
					"on_interact": {
						"filters": {
							"all_of": [
								{
									"test": "is_sneaking",
									"subject": "player",
									"value": true
								}
							]
						},
						"event": "popups_open"
					},
					"use_item": false,
					"interact_text": "Turn on popup headlights"
				},
				{
					"on_interact": {
						"event": "door_open"
					},
					"use_item": false,
					"interact_text": "Open Door"
				}
			]
		},
			"minecraft:pushable": {
				"is_pushable": false,
				"is_pushable_by_piston": true
			},
			"minecraft:knockback_resistance": {
				"value": 1,
				"max": 1
			}
		},

		"events": {
			"door_open": {
        		"add": {
          			"component_groups": [
            			"door_open"
          			]
        		}
      		},
      		"popups_open": {
        		"add": {
          			"component_groups": [
            			"popups_open"
          			]
        		}
      		},
      		"white": {
        		"add": {
          			"component_groups": [
            			"white"
          			]
        		}
      		},
      		"martini": {
        		"add": {
          			"component_groups": [
            			"martini"
          			]
        		}
      		},
      		"black": {
        		"add": {
          			"component_groups": [
            			"black"
          			]
        		}
      		},
      		"er_rally": {
        		"add": {
          			"component_groups": [
            			"er_rally"
          			]
        		}
      		}
		}
	}
}