{
	"format_version": "1.17.0",
	"minecraft:entity": {
		"description": {
			"identifier": "celicast204:red1_between",
			"is_spawnable": false,
			"is_summonable": false,
			"is_experimental": false
		},
		"component_groups": {
			"door_open": {
        		"minecraft:transformation": {
          		"into": "celicast204:red2",
          		"delay": 0.1
       			 }
    		},
    		"hood_open": {
        		"minecraft:transformation": {
          		"into": "celicast204:red1_open",
          		"delay": 0.1
       			 }
    		},
    		"black": {
        		"minecraft:transformation": {
          		"into": "celicast204:black1",
          		"delay": 0.1
       			 }
    		},
    		"blue": {
        		"minecraft:transformation": {
          		"into": "celicast204:blue1",
          		"delay": 0.1
       			 }
    		},
    		"maroon": {
        		"minecraft:transformation": {
          		"into": "celicast204:maroon1",
          		"delay": 0.1
       			 }
    		},
    		"white": {
        		"minecraft:transformation": {
          		"into": "celicast204:white1",
          		"delay": 0.1
       			 }
    		}
		},
		"components": {
			"minecraft:type_family": {
				"family": [
					"cars"
				]
			},
			"minecraft:scale": {
				"value": 0.99
			},
			"minecraft:collision_box": {
				"width": 2,
				"height": 1.5
			},
			"minecraft:health": {
				"value": 60
			},
			"minecraft:jump.static": {},
			"minecraft:physics": {},
			"minecraft:interact": {
			"interactions": [
				{
					"on_interact": {
						"filters": {
							"all_of": [
								{
									"test": "has_equipment",
									"subject": "other",
									"domain": "hand",
									"value": "pmc:black"
								}
							]
						},
						"event": "black"
					},
					"use_item": true,
					"interact_text": "Paint black"
				},
				{
					"on_interact": {
						"filters": {
							"all_of": [
								{
									"test": "has_equipment",
									"subject": "other",
									"domain": "hand",
									"value": "pmc:cyan"
								}
							]
						},
						"event": "blue"
					},
					"use_item": true,
					"interact_text": "Paint cyan"
				},
				{
					"on_interact": {
						"filters": {
							"all_of": [
								{
									"test": "has_equipment",
									"subject": "other",
									"domain": "hand",
									"value": "pmc:white"
								}
							]
						},
						"event": "white"
					},
					"use_item": true,
					"interact_text": "Paint white"
				},
				{
					"on_interact": {
						"filters": {
							"all_of": [
								{
									"test": "has_equipment",
									"subject": "other",
									"domain": "hand",
									"value": "pmc:maroon"
								}
							]
						},
						"event": "maroon"
					},
					"use_item": true,
					"interact_text": "Paint maroon"
				},
				{
					"on_interact": {
						"filters": {
							"all_of": [
								{
									"test": "is_sneaking",
									"subject": "player",
									"value": true
								}
							]
						},
						"event": "hood_open"
					},
					"use_item": false,
					"interact_text": "Open hood"
				},
				{
					"on_interact": {
						"event": "door_open"
					},
					"use_item": false,
					"interact_text": "Open Door"
				}
			]
		},
			"minecraft:pushable": {
				"is_pushable": false,
				"is_pushable_by_piston": true
			},
			"minecraft:knockback_resistance": {
				"value": 1,
				"max": 1
			}
		},

		"events": {
			"door_open": {
        		"add": {
          			"component_groups": [
            			"door_open"
          			]
        		}
      		},
      		"hood_open": {
        		"add": {
          			"component_groups": [
            			"hood_open"
          			]
        		}
      		},
      		"black": {
        		"add": {
          			"component_groups": [
            			"black"
          			]
        		}
      		},
      		"blue": {
        		"add": {
          			"component_groups": [
            			"blue"
          			]
        		}
      		},
      		"white": {
        		"add": {
          			"component_groups": [
            			"white"
          			]
        		}
      		},
      		"maroon": {
        		"add": {
          			"component_groups": [
            			"maroon"
          			]
        		}
      		}
		}
	}
}