{
	"format_version": "1.17.0",
	"minecraft:entity": {
		"description": {
			"identifier": "r30:red1_between",
			"is_spawnable": false,
			"is_summonable": false,
			"is_experimental": false
		},
		"component_groups": {
			"door_open": {
        		"minecraft:transformation": {
          		"into": "r30:red2",
          		"delay": 0.1
       			 }
    		},
    		"hood_open": {
        		"minecraft:transformation": {
          		"into": "r30:red1_open",
          		"delay": 0.1
       			 }
    		},
    		"white": {
        		"minecraft:transformation": {
          		"into": "r30:white1",
          		"delay": 0.1
       			 }
    		},
    		"gray": {
        		"minecraft:transformation": {
          		"into": "r30:gray1",
          		"delay": 0.1
       			 }
    		},
    		"supersilhouette": {
        		"minecraft:transformation": {
          		"into": "r30:supersilhouette1",
          		"delay": 0.1
       			 }
    		}
		},
		"components": {
			"minecraft:type_family": {
				"family": [
					"cars"
				]
			},
			"minecraft:scale": {
				"value": 0.96
			},
			"minecraft:collision_box": {
				"width": 2,
				"height": 1.5
			},
			"minecraft:health": {
				"value": 60
			},
			"minecraft:jump.static": {},
			"minecraft:physics": {},
			"minecraft:interact": {
			"interactions": [
				{
					"on_interact": {
						"filters": {
							"all_of": [
								{
									"test": "has_equipment",
									"subject": "other",
									"domain": "hand",
									"value": "pmc:white"
								}
							]
						},
						"event": "white"
					},
					"use_item": true,
					"interact_text": "Paint white"
				},
				{
					"on_interact": {
						"filters": {
							"all_of": [
								{
									"test": "has_equipment",
									"subject": "other",
									"domain": "hand",
									"value": "pmc:gray"
								}
							]
						},
						"event": "gray"
					},
					"use_item": true,
					"interact_text": "Paint gray"
				},
				{
					"on_interact": {
						"filters": {
							"all_of": [
								{
									"test": "has_equipment",
									"subject": "other",
									"domain": "hand",
									"value": "pmc:11super_silhouette"
								}
							]
						},
						"event": "supersilhouette"
					},
					"use_item": true,
					"interact_text": "Add a Super Silhouette kit and livery"
				},
				{
					"on_interact": {
						"filters": {
							"all_of": [
								{
									"test": "is_sneaking",
									"subject": "player",
									"value": true
								}
							]
						},
						"event": "hood_open"
					},
					"use_item": false,
					"interact_text": "Open hood"
				},
				{
					"on_interact": {
						"event": "door_open"
					},
					"use_item": false,
					"interact_text": "Open Door"
				}
			]
		},
			"minecraft:pushable": {
				"is_pushable": false,
				"is_pushable_by_piston": true
			},
			"minecraft:knockback_resistance": {
				"value": 1,
				"max": 1
			}
		},

		"events": {
			"door_open": {
        		"add": {
          			"component_groups": [
            			"door_open"
          			]
        		}
      		},
      		"hood_open": {
        		"add": {
          			"component_groups": [
            			"hood_open"
          			]
        		}
      		},
      		"white": {
        		"add": {
          			"component_groups": [
            			"white"
          			]
        		}
      		},
      		"gray": {
        		"add": {
          			"component_groups": [
            			"gray"
          			]
        		}
      		},
      		"supersilhouette": {
        		"add": {
          			"component_groups": [
            			"supersilhouette"
          			]
        		}
      		}
		}
	}
}