{
	"format_version": "1.8.0",
	"minecraft:client_entity": {
		"description": {
			"identifier": "d240:green1",
			"materials": {
				"default": "enderman"
			},
			"textures": {
				"default": "textures/entity/datsun_240z/green"
			},
			"geometry": {
				"default": "geometry.d240z_m1"
			},
			"render_controllers": [
				"controller.render.jdm_s2"
			],
			"animations": {
				"drive": "animation.jdm_s2.drive",
				"turning": "animation.jdm_s2.turning",
				"close": "animation.jdm_s2.close"
			},
			"sound_effects": {
        		"close": "vehicle.jdm_s2.doorclose"
      		},
			"spawn_egg": {
				"texture": "datsun",
				"texture_index": 0
			},
			"animation_controllers": [
				{
					"general": "controller.animation.jdm_c1.general1"
				}
			]
		}
	}
}