{
	"format_version": "1.17.0",
	"minecraft:entity": {
		"description": {
			"identifier": "d240:yellow1_between",
			"is_spawnable": false,
			"is_summonable": false,
			"is_experimental": false
		},
		"component_groups": {
			"door_open": {
        		"minecraft:transformation": {
          		"into": "d240:yellow2",
          		"delay": 0.1
       			 }
    		},
    		"hood_open": {
        		"minecraft:transformation": {
          		"into": "d240:yellow1_open",
          		"delay": 0.1
       			 }
    		},
    		"white": {
        		"minecraft:transformation": {
          		"into": "d240:white1",
          		"delay": 0.1
       			 }
    		},
    		"blue": {
        		"minecraft:transformation": {
          		"into": "d240:blue1",
          		"delay": 0.1
       			 }
    		},
    		"green": {
        		"minecraft:transformation": {
          		"into": "d240:green1",
          		"delay": 0.1
       			 }
    		},
    		"safari73": {
        		"minecraft:transformation": {
          		"into": "d240:safari731",
          		"delay": 0.1
       			 }
    		}
		},
		"components": {
			"minecraft:type_family": {
				"family": [
					"cars"
				]
			},
			"minecraft:scale": {
				"value": 0.98
			},
			"minecraft:collision_box": {
				"width": 2,
				"height": 1.5
			},
			"minecraft:health": {
				"value": 60
			},
			"minecraft:jump.static": {},
			"minecraft:physics": {},
			"minecraft:interact": {
			"interactions": [
				{
					"on_interact": {
						"filters": {
							"all_of": [
								{
									"test": "has_equipment",
									"subject": "other",
									"domain": "hand",
									"value": "pmc:white"
								}
							]
						},
						"event": "white"
					},
					"use_item": true,
					"interact_text": "Paint white"
				},
				{
					"on_interact": {
						"filters": {
							"all_of": [
								{
									"test": "has_equipment",
									"subject": "other",
									"domain": "hand",
									"value": "pmc:blue"
								}
							]
						},
						"event": "blue"
					},
					"use_item": true,
					"interact_text": "Paint blue"
				},
				{
					"on_interact": {
						"filters": {
							"all_of": [
								{
									"test": "has_equipment",
									"subject": "other",
									"domain": "hand",
									"value": "pmc:green"
								}
							]
						},
						"event": "green"
					},
					"use_item": true,
					"interact_text": "Paint green"
				},
				{
					"on_interact": {
						"filters": {
							"all_of": [
								{
									"test": "has_equipment",
									"subject": "other",
									"domain": "hand",
									"value": "pmc:safari73"
								}
							]
						},
						"event": "safari73"
					},
					"use_item": true,
					"interact_text": "Paint a 73' Safari Rally Livery"
				},
				{
					"on_interact": {
						"filters": {
							"all_of": [
								{
									"test": "is_sneaking",
									"subject": "player",
									"value": true
								}
							]
						},
						"event": "hood_open"
					},
					"use_item": false,
					"interact_text": "Open hood"
				},
				{
					"on_interact": {
						"event": "door_open"
					},
					"use_item": false,
					"interact_text": "Open Door"
				}
			]
		},
			"minecraft:pushable": {
				"is_pushable": false,
				"is_pushable_by_piston": true
			},
			"minecraft:knockback_resistance": {
				"value": 1,
				"max": 1
			}
		},

		"events": {
			"door_open": {
        		"add": {
          			"component_groups": [
            			"door_open"
          			]
        		}
      		},
      		"hood_open": {
        		"add": {
          			"component_groups": [
            			"hood_open"
          			]
        		}
      		},
      		"white": {
        		"add": {
          			"component_groups": [
            			"white"
          			]
        		}
      		},
      		"blue": {
        		"add": {
          			"component_groups": [
            			"blue"
          			]
        		}
      		},
      		"green": {
        		"add": {
          			"component_groups": [
            			"green"
          			]
        		}
      		},
      		"safari73": {
        		"add": {
          			"component_groups": [
            			"safari73"
          			]
        		}
      		}
		}
	}
}