{
	"format_version": "1.8.0",
	"minecraft:client_entity": {
		"description": {
			"identifier": "ek9:white_stock1_between",
			"materials": {
				"default": "enderman"
			},
			"textures": {
				"default": "textures/entity/honda_civic_ek9/white_stock"
			},
			"geometry": {
				"default": "geometry.ek9_m1"
			},
			"render_controllers": [
				"controller.render.jdm_s2"
			],
			"animations": {
				"drive": "animation.jdm_s2.drive",
				"turning": "animation.jdm_s2.turning",
				"on": "animation.jdm_s2.hood2"
			},
			"sound_effects": {
        		"close": "vehicle.jdm_s2.hood"
      		},
			"spawn_egg": {
				"texture": "honda",
				"texture_index": 0
			},
			"animation_controllers": [
				{
					"general": "controller.animation.jdm_c1.general3"
				}
			]
		}
	}
}