{
	"format_version": "1.8.0",
	"minecraft:client_entity": {
		"description": {
			"identifier": "nam:black1_rally_open",
			"materials": {
				"default": "enderman"
			},
			"textures": {
				"default": "textures/entity/eunos_roadster/black_rally"
			},
			"geometry": {
				"default": "geometry.namiata_m1rally_open"
			},
			"render_controllers": [
				"controller.render.jdm_s2"
			],
			"animations": {
				"drive": "animation.jdm_s2.drive",
				"turning": "animation.jdm_s2.turning",
				"on": "animation.nam.popups"
			},
			"sound_effects": {
        		"popups": "vehicle.jdm_s2.popups"
      		},
			"spawn_egg": {
				"texture": "eunos",
				"texture_index": 0
			},
			"animation_controllers": [
				{
					"general": "controller.animation.jdm_c1.general3"
				}
			]
		}
	}
}