{
	"format_version": "1.8.0",
	"animations": {
		"animation.ae86_ashminggu.popups": {
			"loop": false,
			"bones": {
				"popups": {
					"rotation": {
						"0.0": [75, 0, 0],
						"0.56": [0, 0, 0]
					}
				}
			},
			"sound_effects": {
               "0.0": { "effect": "popups" }
            }
		},
		"animation.ae86_ashminggu.popups2": {
			"loop": false,
			"bones": {
				"popups": {
					"rotation": {
						"0.0": [-75, 0, 0],
						"0.56": [0, 0, 0]
					}
				}
			},
			"sound_effects": {
               "0.0": { "effect": "popups" }
            }
		}
	}
}