{
	"format_version": "1.8.0",
	"animations": {
		"animation.jdm_s2.meter_player": {
			"loop": true,
			"bones": {
				"speedmeter": {
					"position": [0, 0, 1]
					},
				"rpm_meter": {
					"position": [0, 0, 1]
				}
			}
		},
		"animation.jdm_s2.meter_player2": {
			"loop": true,
			"bones": {
				"speedmeter2": {
					"position": [0, 0, -1]
					},
				"rpm_meter2": {
					"position": [0, 0, -1]
				}	
			}
		},
		"animation.mazda_929hc.meter1": {
			"loop": false,
			"bones": {
				"speedmeter": {
					"rotation": {
						"0.0": [0, 0, 165],
						"14.5": [0, 0, 0]
					}
				},
				"rpm_meter": {
					"rotation": {
						//first gear
						"0.0": [0, 0, 150],
						//second gear
						"2": [0, 0, 0],
						"2.2": [0, 0, 150],
						//third gear
						"5.5": [0, 0, 0],
						"5.7": [0, 0, 150],
						//4th gear
						"8.5": [0, 0, 0],
						"8.7": [0, 0, 150],
						//5th gear
						"11.5": [0, 0, 0],
						"11.7": [0, 0, 150],

						"14.5": [0, 0, 0]
					}
				}
			}
		},
		"animation.ae86_ashminggu.meter1": {
			"loop": false,
			"bones": {
				"speedmeter": {
					"rotation": {
						"0.0": [0, 0, 200],
						"11.5": [0, 0, 0]
					}
				},
				"rpm_meter": {
					"rotation": {
						//first gear
						"0.0": [0, 0, 207.5],
						//second gear
						"2": [0, 0, 0],
						"2.1": [0, 0, 207.5],
						//third gear
						"4.5": [0, 0, 0],
						"4.6": [0, 0, 207.5],
						//4th gear
						"6.5": [0, 0, 0],
						"6.6": [0, 0, 207.5],
						//5th gear
						"8.5": [0, 0, 0],
						"8.6": [0, 0, 207.5],

						"11.5": [0, 0, 0]
					}
				}
			}
		},
		"animation.nsx_na1.meter1": {
			"loop": false,
			"bones": {
				"speedmeter": {
					"rotation": {
						"0.0": [0, 0, 245],
						"10": [0, 0, 0]
					}
				},
				"rpm_meter": {
					"rotation": {
						//first gear
						"0.0": [0, 0, 175],
						//second gear
						"2": [0, 0, 0],
						"2.1": [0, 0, 175],
						//third gear
						"3.5": [0, 0, 0],
						"3.6": [0, 0, 175],
						//4th gear
						"5.5": [0, 0, 0],
						"5.6": [0, 0, 175],
						//5th gear
						"7.5": [0, 0, 0],
						"7.6": [0, 0, 175],

						"9.8": [0, 0, 0]
					}
				}
			}
		},
		"animation.bnr34.meter1": {
			"loop": false,
			"bones": {
				"speedmeter": {
					"rotation": {
						"0.0": [0, 0, 215],
						"14": [0, 0, 0]
					}
				},
				"rpm_meter": {
					"rotation": {
						//first gear
						"0.0": [0, 0, 150],
						//second gear
						"2": [0, 0, 0],
						"2.2": [0, 0, 150],
						//third gear
						"4": [0, 0, 0],
						"4.2": [0, 0, 150],
						//4th gear
						"6.5": [0, 0, 0],
						"6.7": [0, 0, 150],
						//5th gear
						"9.5": [0, 0, 0],
						"9.7": [0, 0, 150],
						//6th gear
						"13.5": [0, 0, 0]
					}
				}
			}
		},
		"animation.celicat200.meter1": {
			"loop": false,
			"bones": {
				"speedmeter": {
					"rotation": {
						"0.0": [0, 0, 247.5],
						"10": [0, 0, 0]
					}
				},
				"rpm_meter": {
					"rotation": {
						//first gear
						"0.0": [0, 0, 167.5],
						//second gear
						"2": [0, 0, 0],
						"2.2": [0, 0, 167.5],
						//third gear
						"4.5": [0, 0, 0],
						"4.7": [0, 0, 167.5],
						//4th gear
						"7.0": [0, 0, 0],
						"7.2": [0, 0, 167.5],
						//5th gear
						"10": [0, 0, 0]
					}
				}
			}
		},
		"animation.22bsti.meter1": {
			"loop": false,
			"bones": {
				"speedmeter": {
					"rotation": {
						"0.0": [0, 0, 212.5],
						"9": [0, 0, 0]
					}
				},
				"rpm_meter": {
					"rotation": {
						//first gear
						"0.0": [0, 0, 162.5],
						//second gear
						"2": [0, 0, 0],
						"2.2": [0, 0, 162.5],
						//third gear
						"4.5": [0, 0, 0],
						"4.7": [0, 0, 162.5],
						//4th gear
						"6.5": [0, 0, 0],
						"6.7": [0, 0, 162.5],
						//5th gear
						"9": [0, 0, 0]
					}
				}
			}
		},
		"animation.mazda_929hc.wipers": {
			"loop": true,
			"animation_length": 0.6,
			"bones": {
				"wiper1": {
					"rotation": {
						"0.0": [0, 0, 0],
						"0.3": [14.7742, 33.6013, 46.4772],
						"0.6": [0, 0, 0]
					}
				},
				"wiper2": {
					"rotation": {
						"0.0": [0, 0, 0],
						"0.3": [14.7742, 33.6013, 46.4772],
						"0.6": [0, 0, 0]
					}
				}
			}
		},
		"animation.22bsti.wipers": {
			"loop": true,
			"animation_length": 0.6,
			"bones": {
				"wiper1": {
					"rotation": {
						"0.0": [0, 0, 0],
						"0.3": [0, 0, -55],
						"0.6": [0, 0, 0]
					}
				},
				"wiper2": {
					"rotation": {
						"0.0": [0, 0, 0],
						"0.3": [0, 0, -55],
						"0.6": [0, 0, 0]
					}
				}
			}
		}
	}
}