{
	"format_version": "1.8.0",
	"animations": {
		"animation.r30.hood": {
			"loop": false,
			"bones": {
				"hood": {
					"rotation": {
						"0.0": [60, 0, 0],
						"0.56": [0, 0, 0]
					}
				},
				"hood_strut2": {
					"rotation": {
						"0.0": [-27.5, 90, 0],
						"0.56": [0, 0, 0]
					}
				}
			}
		},
		"animation.r30.hood2": {
			"loop": false,
			"bones": {
				"hood": {
					"rotation": {
						"0.0": [-60, 0, 0],
						"0.56": [0, 0, 0]
					}
				},
				"hood_strut2": {
					"rotation": {
						"0.0": [27.5, 90, 0],
						"0.56": [0, 0, 0]
					}
				}
			},
			"sound_effects": {
               "0.0": { "effect": "close" }
            }
		}
	}
}