{
	"format_version": "1.17.0",
	"minecraft:entity": {
		"description": {
			"identifier": "hidc2:yellowc1",
			"is_spawnable": false,
			"is_summonable": false,
			"is_experimental": false
		},
		"component_groups": {
			"door_open": {
        		"minecraft:transformation": {
          		"into": "hidc2:yellowc2",
          		"delay": 0.1
       			 }
    		},
    		"white_stock": {
        		"minecraft:transformation": {
          		"into": "hidc2:white1",
          		"delay": 0.1
       			 }
    		},
    		"red": {
        		"minecraft:transformation": {
          		"into": "hidc2:redc1",
          		"delay": 0.1
       			 }
    		},
    		"white": {
        		"minecraft:transformation": {
          		"into": "hidc2:whitec1",
          		"delay": 0.1
       			 }
    		}
		},
		"components": {
			"minecraft:type_family": {
				"family": [
					"cars"
				]
			},
			"minecraft:scale": {
				"value": 1
			},
			"minecraft:collision_box": {
				"width": 2,
				"height": 2
			},
			"minecraft:health": {
				"value": 60
			},
			"minecraft:jump.static": {},
			"minecraft:physics": {},
			"minecraft:interact": {
			"interactions": [
				{
					"on_interact": {
						"filters": {
							"all_of": [
								{
									"test": "has_equipment",
									"subject": "other",
									"domain": "hand",
									"value": "pmc:white_base"
								}
							]
						},
						"event": "white_stock"
					},
					"use_item": true,
					"interact_text": "Paint white but less cooler"
				},
				{
					"on_interact": {
						"filters": {
							"all_of": [
								{
									"test": "has_equipment",
									"subject": "other",
									"domain": "hand",
									"value": "pmc:red"
								}
							]
						},
						"event": "red"
					},
					"use_item": true,
					"interact_text": "Paint red"
				},
				{
					"on_interact": {
						"filters": {
							"all_of": [
								{
									"test": "has_equipment",
									"subject": "other",
									"domain": "hand",
									"value": "pmc:white"
								}
							]
						},
						"event": "white"
					},
					"use_item": true,
					"interact_text": "Paint white"
				},
				{
					"on_interact": {
						"event": "door_open"
					},
					"use_item": false,
					"interact_text": "Open Door"
				}
			]
		},
			"minecraft:pushable": {
				"is_pushable": false,
				"is_pushable_by_piston": true
			},
			"minecraft:knockback_resistance": {
				"value": 1,
				"max": 1
			}
		},

		"events": {
			"door_open": {
        		"add": {
          			"component_groups": [
            			"door_open"
          			]
        		}
      		},
      		"white_stock": {
        		"add": {
          			"component_groups": [
            			"white_stock"
          			]
        		}
      		},
      		"red": {
        		"add": {
          			"component_groups": [
            			"red"
          			]
        		}
      		},
      		"white": {
        		"add": {
          			"component_groups": [
            			"white"
          			]
        		}
      		}
		}
	}
}