{
	"format_version": "1.17.0",
	"minecraft:entity": {
		"description": {
			"identifier": "hnsx:black1",
			"is_spawnable": false,
			"is_summonable": false,
			"is_experimental": false
		},
		"component_groups": {
			"door_open": {
        		"minecraft:transformation": {
          		"into": "hnsx:black2",
          		"delay": 0.1
       			 }
    		},
    		"popups_open": {
        		"minecraft:transformation": {
          		"into": "hnsx:black1_open",
          		"delay": 0.1
       			 }
    		},
    		"white": {
        		"minecraft:transformation": {
          		"into": "hnsx:white1",
          		"delay": 0.1
       			 }
    		},
    		"silver": {
        		"minecraft:transformation": {
          		"into": "hnsx:silver1",
          		"delay": 0.1
       			 }
    		},
    		"red": {
        		"minecraft:transformation": {
          		"into": "hnsx:red1",
          		"delay": 0.1
       			 }
    		}
		},
		"components": {
			"minecraft:type_family": {
				"family": [
					"cars"
				]
			},
			"minecraft:scale": {
				"value": 1
			},
			"minecraft:collision_box": {
				"width": 2,
				"height": 2
			},
			"minecraft:health": {
				"value": 60
			},
			"minecraft:jump.static": {},
			"minecraft:physics": {},
			"minecraft:interact": {
			"interactions": [
				{
					"on_interact": {
						"filters": {
							"all_of": [
								{
									"test": "has_equipment",
									"subject": "other",
									"domain": "hand",
									"value": "pmc:white"
								}
							]
						},
						"event": "white"
					},
					"use_item": true,
					"interact_text": "Paint white"
				},
				{
					"on_interact": {
						"filters": {
							"all_of": [
								{
									"test": "has_equipment",
									"subject": "other",
									"domain": "hand",
									"value": "pmc:silver"
								}
							]
						},
						"event": "silver"
					},
					"use_item": true,
					"interact_text": "Paint silver"
				},
				{
					"on_interact": {
						"filters": {
							"all_of": [
								{
									"test": "has_equipment",
									"subject": "other",
									"domain": "hand",
									"value": "pmc:red"
								}
							]
						},
						"event": "red"
					},
					"use_item": true,
					"interact_text": "Paint red"
				},
				{
					"on_interact": {
						"filters": {
							"all_of": [
								{
									"test": "is_sneaking",
									"subject": "player",
									"value": true
								}
							]
						},
						"event": "popups_open"
					},
					"use_item": false,
					"interact_text": "Turn on popup headlights"
				},
				{
					"on_interact": {
						"event": "door_open"
					},
					"use_item": false,
					"interact_text": "Open Door"
				}
			]
		},
			"minecraft:pushable": {
				"is_pushable": false,
				"is_pushable_by_piston": true
			},
			"minecraft:knockback_resistance": {
				"value": 1,
				"max": 1
			}
		},

		"events": {
			"door_open": {
        		"add": {
          			"component_groups": [
            			"door_open"
          			]
        		}
      		},
      		"popups_open": {
        		"add": {
          			"component_groups": [
            			"popups_open"
          			]
        		}
      		},
      		"white": {
        		"add": {
          			"component_groups": [
            			"white"
          			]
        		}
      		},
      		"silver": {
        		"add": {
          			"component_groups": [
            			"silver"
          			]
        		}
      		},
      		"red": {
        		"add": {
          			"component_groups": [
            			"red"
          			]
        		}
      		}
		}
	}
}