{
	"format_version": "1.17.0",
	"minecraft:entity": {
		"description": {
			"identifier": "mazda929hc:white1",
			"is_spawnable": false,
			"is_summonable": false,
			"is_experimental": false
		},
		"component_groups": {
			"door_open": {
        		"minecraft:transformation": {
          		"into": "mazda929hc:white2",
          		"delay": 0.1
       			 }
    		},
    		"white_gray": {
        		"minecraft:transformation": {
          		"into": "mazda929hc:white_gray1",
          		"delay": 0.1
       			 }
    		},
    		"maroon": {
        		"minecraft:transformation": {
          		"into": "mazda929hc:maroon_gray1",
          		"delay": 0.1
       			 }
    		},
    		"black": {
        		"minecraft:transformation": {
          		"into": "mazda929hc:black1",
          		"delay": 0.1
       			 }
    		},
    		"silver": {
        		"minecraft:transformation": {
          		"into": "mazda929hc:silver1",
          		"delay": 0.1
       			 }
    		}
		},
		"components": {
			"minecraft:type_family": {
				"family": [
					"cars"
				]
			},
			"minecraft:scale": {
				"value": 0.99
			},
			"minecraft:collision_box": {
				"width": 2,
				"height": 1.5
			},
			"minecraft:health": {
				"value": 60
			},
			"minecraft:jump.static": {},
			"minecraft:physics": {},
			"minecraft:interact": {
			"interactions": [
				{
					"on_interact": {
						"filters": {
							"all_of": [
								{
									"test": "has_equipment",
									"subject": "other",
									"domain": "hand",
									"value": "pmc:white_gray"
								}
							]
						},
						"event": "white_gray"
					},
					"use_item": true,
					"interact_text": "Paint a white/gray two tone"
				},
				{
					"on_interact": {
						"filters": {
							"all_of": [
								{
									"test": "has_equipment",
									"subject": "other",
									"domain": "hand",
									"value": "pmc:maroon"
								}
							]
						},
						"event": "maroon"
					},
					"use_item": true,
					"interact_text": "Paint maroon"
				},
				{
					"on_interact": {
						"filters": {
							"all_of": [
								{
									"test": "has_equipment",
									"subject": "other",
									"domain": "hand",
									"value": "pmc:black"
								}
							]
						},
						"event": "black"
					},
					"use_item": true,
					"interact_text": "Paint black"
				},
				{
					"on_interact": {
						"filters": {
							"all_of": [
								{
									"test": "has_equipment",
									"subject": "other",
									"domain": "hand",
									"value": "pmc:silver"
								}
							]
						},
						"event": "silver"
					},
					"use_item": true,
					"interact_text": "Paint silver"
				},
				{
					"on_interact": {
						"event": "door_open"
					},
					"use_item": false,
					"interact_text": "Open Door"
				}
			]
		},
			"minecraft:pushable": {
				"is_pushable": false,
				"is_pushable_by_piston": true
			},
			"minecraft:knockback_resistance": {
				"value": 1,
				"max": 1
			}
		},

		"events": {
			"door_open": {
        		"add": {
          			"component_groups": [
            			"door_open"
          			]
        		}
      		},
      		"white_gray": {
        		"add": {
          			"component_groups": [
            			"white_gray"
          			]
        		}
      		},
      		"maroon": {
        		"add": {
          			"component_groups": [
            			"maroon"
          			]
        		}
      		},
      		"black": {
        		"add": {
          			"component_groups": [
            			"black"
          			]
        		}
      		},
      		"silver": {
        		"add": {
          			"component_groups": [
            			"silver"
          			]
        		}
      		}
		}
	}
}