{
	"format_version": "1.17.0",
	"minecraft:entity": {
		"description": {
			"identifier": "d240:green1_open_between",
			"is_spawnable": false,
			"is_summonable": false,
			"is_experimental": false
		},
		"component_groups": {
			"door_open": {
        		"minecraft:transformation": {
          		"into": "d240:green2_open",
          		"delay": 0.1
       			 }
    		},
    		"hood_close": {
        		"minecraft:transformation": {
          		"into": "d240:green1_between",
          		"delay": 0.1
       			 }
    		}
		},
		"components": {
			"minecraft:type_family": {
				"family": [
					"cars"
				]
			},
			"minecraft:scale": {
				"value": 0.98
			},
			"minecraft:collision_box": {
				"width": 2,
				"height": 1.5
			},
			"minecraft:health": {
				"value": 60
			},
			"minecraft:jump.static": {},
			"minecraft:physics": {},
			"minecraft:interact": {
			"interactions": [
				{
					"on_interact": {
						"filters": {
							"all_of": [
								{
									"test": "is_sneaking",
									"subject": "player",
									"value": true
								}
							]
						},
						"event": "hood_close"
					},
					"use_item": false,
					"interact_text": "Close hood"
				},
				{
					"on_interact": {
						"event": "door_open"
					},
					"use_item": false,
					"interact_text": "Open Door"
				}
			]
		},
			"minecraft:pushable": {
				"is_pushable": false,
				"is_pushable_by_piston": true
			},
			"minecraft:knockback_resistance": {
				"value": 1,
				"max": 1
			}
		},

		"events": {
			"door_open": {
        		"add": {
          			"component_groups": [
            			"door_open"
          			]
        		}
      		},
      		"hood_close": {
        		"add": {
          			"component_groups": [
            			"hood_close"
          			]
        		}
      		}
		}
	}
}